scenario,model,reference,c_model,c_reference,delta,ci_low,ci_high,excludes_zero,n_boot,assignment_sd,covers,excludes
primary,trajectory_cox,current_value_cox,0.7634625473860845,0.7543803420984406,0.009082205287643919,0.0017930950707869765,0.016509779914359486,True,1000,,test-patient resampling; assignment identity,model fitting; hyperparameter selection; imputation; the split; the stayer mortality estimate; timing of death after departure
primary,random_survival_forest,current_value_cox,0.751624447034759,0.7543803420984406,-0.0027558950636816792,-0.02427229437193073,0.01810642456141883,False,1000,,test-patient resampling; assignment identity,model fitting; hyperparameter selection; imputation; the split; the stayer mortality estimate; timing of death after departure
primary,gradient_boosted_survival,current_value_cox,0.745210356449509,0.7543803420984406,-0.009169985648931678,-0.02754974018354149,0.009049670192408774,False,1000,,test-patient resampling; assignment identity,model fitting; hyperparameter selection; imputation; the split; the stayer mortality estimate; timing of death after departure
matched_rate,trajectory_cox,current_value_cox,0.7198894370727493,0.7136991966420935,0.006190240430655858,-0.00038642803934326727,0.012967902460659167,False,1000,0.0008753735179339267,test-patient resampling; assignment identity,model fitting; hyperparameter selection; imputation; the split; the stayer mortality estimate; timing of death after departure
matched_rate,random_survival_forest,current_value_cox,0.7098870611286219,0.7136991966420935,-0.003812135513471593,-0.024113859458251785,0.015839166316206032,False,1000,0.003260687528472467,test-patient resampling; assignment identity,model fitting; hyperparameter selection; imputation; the split; the stayer mortality estimate; timing of death after departure
matched_rate,gradient_boosted_survival,current_value_cox,0.7040949099651399,0.7136991966420935,-0.009604286676953566,-0.02597838251142129,0.008280274070805843,False,1000,0.0027440562860915176,test-patient resampling; assignment identity,model fitting; hyperparameter selection; imputation; the split; the stayer mortality estimate; timing of death after departure
route_informed,trajectory_cox,current_value_cox,0.7207710390899499,0.714478531784357,0.0062925073055928316,-5.114464836005128e-05,0.0129080798752596,False,1000,0.0009561337519586739,test-patient resampling; assignment identity,model fitting; hyperparameter selection; imputation; the split; the stayer mortality estimate; timing of death after departure
route_informed,random_survival_forest,current_value_cox,0.710492894468481,0.714478531784357,-0.003985637315876089,-0.023384741270469425,0.01533587759751822,False,1000,0.0034935537088262576,test-patient resampling; assignment identity,model fitting; hyperparameter selection; imputation; the split; the stayer mortality estimate; timing of death after departure
route_informed,gradient_boosted_survival,current_value_cox,0.7048007942307083,0.714478531784357,-0.009677737553648758,-0.027568259562585178,0.008241582508990099,False,1000,0.0029011713462971274,test-patient resampling; assignment identity,model fitting; hyperparameter selection; imputation; the split; the stayer mortality estimate; timing of death after departure
worst,trajectory_cox,current_value_cox,0.7037508802907119,0.6986499524899233,0.005100927800788524,-0.000646961889638059,0.011407767509357758,False,1000,,test-patient resampling; assignment identity,model fitting; hyperparameter selection; imputation; the split; the stayer mortality estimate; timing of death after departure
worst,random_survival_forest,current_value_cox,0.6942781469752406,0.6986499524899233,-0.004371805514682747,-0.02085816385943712,0.014519446114317379,False,1000,,test-patient resampling; assignment identity,model fitting; hyperparameter selection; imputation; the split; the stayer mortality estimate; timing of death after departure
worst,gradient_boosted_survival,current_value_cox,0.6890139719156151,0.6986499524899233,-0.009635980574308256,-0.02497558725524677,0.005977705450191711,False,1000,,test-patient resampling; assignment identity,model fitting; hyperparameter selection; imputation; the split; the stayer mortality estimate; timing of death after departure
