scenario,model,group,n,mean_predicted,observed
primary,current_value_cox,1,118,0.05177999548614407,0.026556991774382976
primary,current_value_cox,2,117,0.09893715638573299,0.07163349471041758
primary,current_value_cox,3,118,0.13976887819919598,0.12076987549608131
primary,current_value_cox,4,117,0.18446308377904053,0.16717789116155157
primary,current_value_cox,5,118,0.2382369829072997,0.17831542264500144
primary,current_value_cox,6,117,0.30127641979031966,0.2281827203175517
primary,current_value_cox,7,118,0.3714356304715457,0.41531670345229643
primary,current_value_cox,8,117,0.4624958289780805,0.481872521088207
primary,current_value_cox,9,118,0.5639480038408686,0.5238365172042396
primary,current_value_cox,10,118,0.7605263821751452,0.7493015288928535
primary,trajectory_cox,1,118,0.051976905941965315,0.008474576271186418
primary,trajectory_cox,2,117,0.10057225733417564,0.09291451231162873
primary,trajectory_cox,3,118,0.139092545751551,0.10734296863949111
primary,trajectory_cox,4,117,0.18033425136542106,0.11716267911560652
primary,trajectory_cox,5,118,0.23213901912183138,0.21681443025399905
primary,trajectory_cox,6,118,0.2899530127158345,0.22521797485645745
primary,trajectory_cox,7,117,0.3694128847100232,0.3723181210824199
primary,trajectory_cox,8,117,0.4710048483578224,0.49145299145299104
primary,trajectory_cox,9,118,0.5700926247597877,0.5740547588005211
primary,trajectory_cox,10,118,0.7728831378701789,0.7602804229827476
primary,random_survival_forest,1,118,0.07450491508980747,0.06142262980308921
primary,random_survival_forest,2,117,0.13081178851851832,0.11024554959864907
primary,random_survival_forest,3,118,0.16889685324118736,0.05932203389830493
primary,random_survival_forest,4,117,0.20614611451440082,0.11871538594669417
primary,random_survival_forest,5,118,0.25581735550576185,0.20336899072950398
primary,random_survival_forest,6,118,0.3100782962784175,0.22984485696350065
primary,random_survival_forest,7,117,0.3683041590886604,0.39084026070327427
primary,random_survival_forest,8,117,0.43255641406813883,0.49080223805498513
primary,random_survival_forest,9,118,0.507001383790629,0.5876370887337983
primary,random_survival_forest,10,118,0.6493150779707693,0.7147388399585297
primary,gradient_boosted_survival,1,118,0.10353797560065145,0.05285498399905164
primary,gradient_boosted_survival,2,117,0.15028440238476323,0.10755383230630733
primary,gradient_boosted_survival,3,118,0.18684669584902322,0.11541760068609397
primary,gradient_boosted_survival,4,117,0.22866897030105635,0.12520881717801413
primary,gradient_boosted_survival,5,118,0.27330372502851413,0.11420131975750547
primary,gradient_boosted_survival,6,117,0.3158505305276751,0.24388368832813256
primary,gradient_boosted_survival,7,118,0.3644642373533178,0.4859365493263794
primary,gradient_boosted_survival,8,117,0.42329133701816174,0.4786244001744946
primary,gradient_boosted_survival,9,118,0.49621547669690896,0.5367508632176169
primary,gradient_boosted_survival,10,118,0.6339044112232274,0.6977658715848398
matched_rate,current_value_cox,1,118,0.05177999548614407,0.05883258089541932
matched_rate,current_value_cox,2,117,0.09893715638573299,0.11852439883808935
matched_rate,current_value_cox,3,118,0.13976887819919598,0.21524027751269467
matched_rate,current_value_cox,4,117,0.18446308377904053,0.197689450490807
matched_rate,current_value_cox,5,118,0.2382369829072997,0.24008208625476268
matched_rate,current_value_cox,6,117,0.30127641979031966,0.3091385702070254
matched_rate,current_value_cox,7,118,0.3714356304715457,0.47691301154951
matched_rate,current_value_cox,8,117,0.4624958289780805,0.5365514291515425
matched_rate,current_value_cox,9,118,0.5639480038408686,0.570694888081508
matched_rate,current_value_cox,10,118,0.7605263821751452,0.7752629042924235
matched_rate,trajectory_cox,1,118,0.051976905941965315,0.030289911188473583
matched_rate,trajectory_cox,2,117,0.10057225733417564,0.16520963045991482
matched_rate,trajectory_cox,3,118,0.139092545751551,0.17092636662423114
matched_rate,trajectory_cox,4,117,0.18033425136542106,0.18656086943547223
matched_rate,trajectory_cox,5,118,0.23213901912183138,0.2532184930871565
matched_rate,trajectory_cox,6,118,0.2899530127158345,0.294727210759248
matched_rate,trajectory_cox,7,117,0.3694128847100232,0.4599269417038511
matched_rate,trajectory_cox,8,117,0.4710048483578224,0.5464661845151237
matched_rate,trajectory_cox,9,118,0.5700926247597877,0.6154449480490348
matched_rate,trajectory_cox,10,118,0.7728831378701789,0.7787239804375781
matched_rate,random_survival_forest,1,118,0.07450491508980747,0.09793905624601255
matched_rate,random_survival_forest,2,117,0.13081178851851832,0.17766661044560084
matched_rate,random_survival_forest,3,118,0.16889685324118736,0.10843799594493087
matched_rate,random_survival_forest,4,117,0.20614611451440082,0.19348372465824426
matched_rate,random_survival_forest,5,118,0.25581735550576185,0.24602882946604826
matched_rate,random_survival_forest,6,118,0.3100782962784175,0.30911466799918375
matched_rate,random_survival_forest,7,117,0.3683041590886604,0.4548816638600761
matched_rate,random_survival_forest,8,117,0.43255641406813883,0.5462709403013895
matched_rate,random_survival_forest,9,118,0.507001383790629,0.6313716462953677
matched_rate,random_survival_forest,10,118,0.6493150779707693,0.7356307514334077
matched_rate,gradient_boosted_survival,1,118,0.10353797560065145,0.1077954999654444
matched_rate,gradient_boosted_survival,2,117,0.15028440238476323,0.15340390200334436
matched_rate,gradient_boosted_survival,3,118,0.18684669584902322,0.16818473824255517
matched_rate,gradient_boosted_survival,4,117,0.22866897030105635,0.1764440841401212
matched_rate,gradient_boosted_survival,5,118,0.27330372502851413,0.1953358764659501
matched_rate,gradient_boosted_survival,6,117,0.3158505305276751,0.3088126840678909
matched_rate,gradient_boosted_survival,7,118,0.3644642373533178,0.5524696555736446
matched_rate,gradient_boosted_survival,8,117,0.42329133701816174,0.5242099806655576
matched_rate,gradient_boosted_survival,9,118,0.49621547669690896,0.5918311285959088
matched_rate,gradient_boosted_survival,10,118,0.6339044112232274,0.71833233161037
route_informed,current_value_cox,1,118,0.05177999548614407,0.05965984852171546
route_informed,current_value_cox,2,117,0.09893715638573299,0.11560739856191807
route_informed,current_value_cox,3,118,0.13976887819919598,0.21698627404730914
route_informed,current_value_cox,4,117,0.18446308377904053,0.19717500381718903
route_informed,current_value_cox,5,118,0.2382369829072997,0.23964705661667252
route_informed,current_value_cox,6,117,0.30127641979031966,0.30898816024269143
route_informed,current_value_cox,7,118,0.3714356304715457,0.4785638899645449
route_informed,current_value_cox,8,117,0.4624958289780805,0.538793721389498
route_informed,current_value_cox,9,118,0.5639480038408686,0.5702274057511629
route_informed,current_value_cox,10,118,0.7605263821751452,0.7747893842458373
route_informed,trajectory_cox,1,118,0.051976905941965315,0.03108508563514854
route_informed,trajectory_cox,2,117,0.10057225733417564,0.16343778999211828
route_informed,trajectory_cox,3,118,0.139092545751551,0.17045904195080466
route_informed,trajectory_cox,4,117,0.18033425136542106,0.18647595343893048
route_informed,trajectory_cox,5,118,0.23213901912183138,0.2537682083242759
route_informed,trajectory_cox,6,118,0.2899530127158345,0.2945892072992526
route_informed,trajectory_cox,7,117,0.3694128847100232,0.46273102659886706
route_informed,trajectory_cox,8,117,0.4710048483578224,0.5456481375558064
route_informed,trajectory_cox,9,118,0.5700926247597877,0.6157193408696277
route_informed,trajectory_cox,10,118,0.7728831378701789,0.7792206341479723
route_informed,random_survival_forest,1,118,0.07450491508980747,0.09941228194121723
route_informed,random_survival_forest,2,117,0.13081178851851832,0.17883366230696932
route_informed,random_survival_forest,3,118,0.16889685324118736,0.1101618592282103
route_informed,random_survival_forest,4,117,0.20614611451440082,0.1897053966308366
route_informed,random_survival_forest,5,118,0.25581735550576185,0.24906910197457627
route_informed,random_survival_forest,6,118,0.3100782962784175,0.30795760771491304
route_informed,random_survival_forest,7,117,0.3683041590886604,0.4550902918903773
route_informed,random_survival_forest,8,117,0.43255641406813883,0.544515989814181
route_informed,random_survival_forest,9,118,0.507001383790629,0.6326856302387022
route_informed,random_survival_forest,10,118,0.6493150779707693,0.7353019907608292
route_informed,gradient_boosted_survival,1,118,0.10353797560065145,0.10786239179851183
route_informed,gradient_boosted_survival,2,117,0.15028440238476323,0.1555383624994312
route_informed,gradient_boosted_survival,3,118,0.18684669584902322,0.16702685415856616
route_informed,gradient_boosted_survival,4,117,0.22866897030105635,0.17367772207544646
route_informed,gradient_boosted_survival,5,118,0.27330372502851413,0.1981055341817067
route_informed,gradient_boosted_survival,6,117,0.3158505305276751,0.31020813657241625
route_informed,gradient_boosted_survival,7,118,0.3644642373533178,0.5531910390206191
route_informed,gradient_boosted_survival,8,117,0.42329133701816174,0.5238073637837345
route_informed,gradient_boosted_survival,9,118,0.49621547669690896,0.5912023212035397
route_informed,gradient_boosted_survival,10,118,0.6339044112232274,0.7182260753802671
worst,current_value_cox,1,118,0.05177999548614407,0.07627118644067787
worst,current_value_cox,2,117,0.09893715638573299,0.14529914529914523
worst,current_value_cox,3,118,0.13976887819919598,0.2627118644067793
worst,current_value_cox,4,117,0.18446308377904053,0.21367521367521325
worst,current_value_cox,5,118,0.2382369829072997,0.2711864406779658
worst,current_value_cox,6,117,0.30127641979031966,0.35042735042735007
worst,current_value_cox,7,118,0.3714356304715457,0.508474576271186
worst,current_value_cox,8,117,0.4624958289780805,0.5641025641025637
worst,current_value_cox,9,118,0.5639480038408686,0.5932203389830505
worst,current_value_cox,10,118,0.7605263821751452,0.7881355932203389
worst,trajectory_cox,1,118,0.051976905941965315,0.0423728813559322
worst,trajectory_cox,2,117,0.10057225733417564,0.20512820512820495
worst,trajectory_cox,3,118,0.139092545751551,0.20338983050847426
worst,trajectory_cox,4,117,0.18033425136542106,0.2222222222222222
worst,trajectory_cox,5,118,0.23213901912183138,0.2711864406779656
worst,trajectory_cox,6,118,0.2899530127158345,0.33050847457627075
worst,trajectory_cox,7,117,0.3694128847100232,0.5042735042735038
worst,trajectory_cox,8,117,0.4710048483578224,0.5726495726495722
worst,trajectory_cox,9,118,0.5700926247597877,0.6355932203389828
worst,trajectory_cox,10,118,0.7728831378701789,0.7881355932203389
worst,random_survival_forest,1,118,0.07450491508980747,0.11864406779661008
worst,random_survival_forest,2,117,0.13081178851851832,0.21367521367521325
worst,random_survival_forest,3,118,0.16889685324118736,0.1355932203389829
worst,random_survival_forest,4,117,0.20614611451440082,0.23076923076923084
worst,random_survival_forest,5,118,0.25581735550576185,0.2711864406779657
worst,random_survival_forest,6,118,0.3100782962784175,0.3474576271186437
worst,random_survival_forest,7,117,0.3683041590886604,0.4871794871794869
worst,random_survival_forest,8,117,0.43255641406813883,0.5726495726495724
worst,random_survival_forest,9,118,0.507001383790629,0.6525423728813557
worst,random_survival_forest,10,118,0.6493150779707693,0.7457627118644067
worst,gradient_boosted_survival,1,118,0.10353797560065145,0.1355932203389828
worst,gradient_boosted_survival,2,117,0.15028440238476323,0.17948717948717918
worst,gradient_boosted_survival,3,118,0.18684669584902322,0.19491525423728784
worst,gradient_boosted_survival,4,117,0.22866897030105635,0.20512820512820484
worst,gradient_boosted_survival,5,118,0.27330372502851413,0.23728813559322004
worst,gradient_boosted_survival,6,117,0.3158505305276751,0.34188034188034155
worst,gradient_boosted_survival,7,118,0.3644642373533178,0.5847457627118641
worst,gradient_boosted_survival,8,117,0.42329133701816174,0.5470085470085468
worst,gradient_boosted_survival,9,118,0.49621547669690896,0.6186440677966101
worst,gradient_boosted_survival,10,118,0.6339044112232274,0.7288135593220337
