scenario,label,model,n_draws,slope,intercept,observed,expected,oe,n_km,n_slope,slope_ci_low,slope_ci_high,slope_n_boot,oe_ci_low,oe_ci_high,oe_n_boot,slope_fixed_primary,n_fixed_set
primary,None (as analysed),current_value_cox,1,1.091825190228151,-0.1206729211246362,0.2931374387219132,0.3174755903304803,0.923338510582083,1176,1059,0.8556720283972112,1.401263979089318,1000.0,0.8109919571756472,1.0421779817324097,1000.0,1.091825190228151,1059
primary,None (as analysed),trajectory_cox,1,1.1136958018431478,-0.11535192133228643,0.2931374387219132,0.31787341099813465,0.9221829463541806,1176,1059,0.8551638325763204,1.4431673639558267,1000.0,0.8102248116934477,1.037794177866396,1000.0,1.091825190228151,1059
primary,None (as analysed),random_survival_forest,1,1.4497822228908877,0.14590707979421913,0.2931374387219132,0.3104312923262182,0.9442908816481953,1176,1059,1.1859705723809484,1.7684504911359202,1000.0,0.8222221367328719,1.0652482655968651,1000.0,1.091825190228151,1059
primary,None (as analysed),gradient_boosted_survival,1,1.5023623451722252,0.13850436826279044,0.2931374387219132,0.317766412137583,0.9224934654043733,1176,1059,1.2077475858865232,1.8738074246463998,1000.0,0.8042628374685835,1.039292043181386,1000.0,1.091825190228151,1059
fraction_0.25,25%,current_value_cox,200,1.0315467834484382,-0.03180365205348597,0.3148552894243193,0.31747559033048034,0.9917464492201324,1176,1088,,,,,,,1.091825190228151,1059
fraction_0.25,25%,trajectory_cox,200,1.0516622863644935,-0.02357741036873494,0.3148552894243193,0.31787341099813465,0.9905052720064305,1176,1088,,,,,,,1.091825190228151,1059
fraction_0.25,25%,random_survival_forest,200,1.347923460410292,0.21095915872764073,0.3148552894243193,0.31043129232621824,1.01425113127272,1176,1088,,,,,,,1.091825190228151,1059
fraction_0.25,25%,gradient_boosted_survival,200,1.4130831729634798,0.20826068125571062,0.3148552894243193,0.31776641213758294,0.9908387966692865,1176,1088,,,,,,,1.091825190228151,1059
fraction_0.50,50%,current_value_cox,200,0.974192085076823,0.04838498600905259,0.33611311731098836,0.31747559033048034,1.0587053856994395,1176,1117,,,,,,,1.091825190228151,1059
fraction_0.50,50%,trajectory_cox,200,0.9922095679759704,0.058423709705637525,0.33611311731098836,0.31787341099813465,1.0573804089356842,1176,1117,,,,,,,1.091825190228151,1059
fraction_0.50,50%,random_survival_forest,200,1.2569365799656198,0.2689250955945486,0.33611311731098836,0.31043129232621824,1.082729498022971,1176,1117,,,,,,,1.091825190228151,1059
fraction_0.50,50%,gradient_boosted_survival,200,1.3283105959236026,0.2693996502347536,0.33611311731098836,0.31776641213758294,1.0577364519112922,1176,1117,,,,,,,1.091825190228151,1059
matched_rate,65.5% (rate among stayers),current_value_cox,200,0.950645078017128,0.09781265670313993,0.34899961126279805,0.31747559033048034,1.0992958888571638,1176,1135,0.7470494550512239,1.1982277142481899,1000.0,0.9746112614196628,1.2237698743383412,1000.0,1.091825190228151,1059
matched_rate,65.5% (rate among stayers),trajectory_cox,200,0.9682616052444759,0.10917572756771081,0.34899961126279805,0.31787341099813465,1.0979201128113423,1176,1135,0.7462130836490382,1.246528919820176,1000.0,0.9696673739201268,1.2244708135155022,1000.0,1.091825190228151,1059
matched_rate,65.5% (rate among stayers),random_survival_forest,200,1.217936334165289,0.30832687060753455,0.34899961126279805,0.31043129232621824,1.1242410797170868,1176,1135,0.991221898992658,1.4938752216755817,1000.0,1.0023820372388192,1.2483582375567734,1000.0,1.091825190228151,1059
matched_rate,65.5% (rate among stayers),gradient_boosted_survival,200,1.2920761750789906,0.31021865413676225,0.34899961126279805,0.31776641213758294,1.0982898063867497,1176,1135,1.0300001130405516,1.634812807061774,1000.0,0.9749308036373016,1.21681454116646,1000.0,1.091825190228151,1059
fraction_0.75,75%,current_value_cox,200,0.932947495636088,0.12735264994598375,0.35723400552120615,0.31747559033048034,1.1252329829494572,1176,1147,,,,,,,1.091825190228151,1059
fraction_0.75,75%,trajectory_cox,200,0.950541530706062,0.13968044164903773,0.35723400552120615,0.31787341099813465,1.1238247464595346,1176,1147,,,,,,,1.091825190228151,1059
fraction_0.75,75%,random_survival_forest,200,1.1906564148900765,0.3313623566563739,0.35723400552120615,0.31043129232621824,1.1507667376064816,1176,1147,,,,,,,1.091825190228151,1059
fraction_0.75,75%,gradient_boosted_survival,200,1.2664238086158022,0.33422053420107434,0.35723400552120615,0.31776641213758294,1.1242031626883677,1176,1147,,,,,,,1.091825190228151,1059
route_informed,Route-informed,current_value_cox,200,0.9518756011453181,0.09728302306828965,0.3492184470067734,0.31747559033048034,1.0999851882888065,1176,1135,0.7415388410349013,1.1940852553460772,1000.0,0.9838363809947221,1.23159171893682,1000.0,1.091825190228151,1059
route_informed,Route-informed,trajectory_cox,200,0.9698419957232237,0.10875589856593501,0.3492184470067734,0.31787341099813465,1.0986085495802058,1176,1135,0.7397940590351715,1.2333355415576173,1000.0,0.9815521202435615,1.2290139463602112,1000.0,1.091825190228151,1059
route_informed,Route-informed,random_survival_forest,200,1.214712987164976,0.30526290327209965,0.3492184470067734,0.31043129232621824,1.124946020711712,1176,1135,0.9806357844395631,1.4933325154249872,1000.0,0.9999109078970075,1.2520769553196687,1000.0,1.091825190228151,1059
route_informed,Route-informed,gradient_boosted_survival,200,1.2898418905000613,0.307766438050036,0.3492184470067734,0.31776641213758294,1.0989784749672429,1176,1135,1.0250789957479929,1.633111496689578,1000.0,0.980369091294337,1.2245761212522583,1000.0,1.091825190228151,1059
worst,100%,current_value_cox,1,0.8975657953876292,0.2005313705754531,0.3775510204081647,0.3174755903304803,1.1892285010483739,1176,1176,0.6942955435787166,1.1152636258848487,1000.0,1.0577889241571092,1.3172381671708528,1000.0,1.091825190228151,1059
worst,100%,trajectory_cox,1,0.9141741140863173,0.21406023982685332,0.3775510204081647,0.31787341099813465,1.1877401737460207,1176,1176,0.700707186333875,1.1594989775157332,1000.0,1.0566035806588632,1.3154609642945216,1000.0,1.091825190228151,1059
worst,100%,random_survival_forest,1,1.1314071627371245,0.3883200809295889,0.3775510204081647,0.3104312923262182,1.2162144401712358,1176,1176,0.9201306034261646,1.375472641296921,1000.0,1.094805806527737,1.3400551066502968,1000.0,1.091825190228151,1059
worst,100%,gradient_boosted_survival,1,1.2137560766821354,0.39552174794891903,0.3775510204081647,0.317766412137583,1.1881401116890127,1176,1176,0.967449946772528,1.5342461012335813,1000.0,1.0682997841401412,1.3072124583275513,1000.0,1.091825190228151,1059
