scenario,model,n_fixed,slope_fixed_set,slope_all_evaluable
primary,current_value_cox,1059,1.091825190228151,1.091825190228151
primary,trajectory_cox,1059,1.1136958018431478,1.1136958018431478
primary,random_survival_forest,1059,1.4497822228908877,1.4497822228908877
primary,gradient_boosted_survival,1059,1.5023623451722252,1.5023623451722252
matched_rate,current_value_cox,1059,1.097346676134937,0.950645078017128
matched_rate,trajectory_cox,1059,1.119550208318049,0.9682616052444759
matched_rate,random_survival_forest,1059,1.4536780513368814,1.217936334165289
matched_rate,gradient_boosted_survival,1059,1.5074223635733892,1.2920761750789906
worst,current_value_cox,1059,1.1003319930865538,0.8975657953876292
worst,trajectory_cox,1059,1.1226243243106788,0.9141741140863173
worst,random_survival_forest,1059,1.4554945439294733,1.1314071627371245
worst,gradient_boosted_survival,1059,1.51017856818011,1.2137560766821354
