scenario,model,calendar_cutoff,dev_landmarks_all,dev_landmarks_calendar,n_known_mean,slope_all_dev,slope_calendar_dev,slope_unweighted,diff_calendar_minus_all
primary,current_value_cox,2022,5540,4821,1059.0,1.091825190228151,1.101307889511286,1.1091602664986213,0.009482699283134943
primary,trajectory_cox,2022,5540,4821,1059.0,1.1136958018431478,1.1234265404360437,1.131558804881544,0.009730738592895971
primary,random_survival_forest,2022,5540,4821,1059.0,1.4497822228908877,1.4567160852597556,1.461269405459591,0.006933862368867949
primary,gradient_boosted_survival,2022,5540,4821,1059.0,1.5023623451722252,1.5111623731700718,1.5182742152228181,0.008800027997846627
matched_rate,current_value_cox,2022,5540,4821,1135.185,0.950645078017128,0.9591490814934861,0.9618338270596218,0.008504003476358046
matched_rate,trajectory_cox,2022,5540,4821,1135.185,0.9682616052444759,0.9774823905385052,0.9803971034389124,0.009220785294029255
matched_rate,random_survival_forest,2022,5540,4821,1135.185,1.217936334165289,1.2262340569997645,1.2287913703900608,0.008297722834475607
matched_rate,gradient_boosted_survival,2022,5540,4821,1135.185,1.2920761750789906,1.301732663433678,1.3047697286412,0.009656488354687465
worst,current_value_cox,2022,5540,4821,1176.0,0.8975657953876292,0.9056213404600906,0.9056213404600906,0.008055545072461423
worst,trajectory_cox,2022,5540,4821,1176.0,0.9141741140863173,0.9230946248469868,0.9230946248469868,0.008920510760669464
worst,random_survival_forest,2022,5540,4821,1176.0,1.1314071627371245,1.1399653934024097,1.1399653934024097,0.00855823066528516
worst,gradient_boosted_survival,2022,5540,4821,1176.0,1.2137560766821354,1.223414999296346,1.223414999296346,0.00965892261421053
