variable,dev,test,smd,missing_dev,missing_test
Landmarks (patients),"5,540 (1,167)","1,355 (292)",,,
"Age, years, median (IQR)",66 (58–75),66 (56–76),0.092,0.0,0.0
"Male sex, n (%)","2,901 (52.4)",695 (51.3),0.021,0.0,0.0
"Comorbidity count, median (IQR)",4 (2–5),3 (2–4),0.187,0.0,0.0
"Diabetes mellitus, n (%)","2,660 (48.0)",653 (48.2),−0.004,0.0,0.0
"Hypertension, n (%)","4,614 (83.3)","1,097 (81.0)",0.061,0.0,0.0
"Coronary artery disease, n (%)","1,766 (31.9)",402 (29.7),0.048,0.0,0.0
"Congestive heart failure, n (%)","1,136 (20.5)",277 (20.4),0.002,0.0,0.0
"Malignancy, n (%)",561 (10.1),79 (5.8),0.159,0.0,0.0
"COPD, n (%)",379 (6.8),91 (6.7),0.005,0.0,0.0
"Cirrhosis, n (%)",162 (2.9),57 (4.2),−0.069,0.0,0.0
"Dementia, n (%)",123 (2.2),38 (2.8),−0.037,0.0,0.0
"Arteriovenous fistula, n (%)","3,455 (76.2)",823 (75.9),0.005,18.1,20.0
"Arteriovenous graft, n (%)",534 (11.8),129 (11.9),−0.004,18.1,20.0
"Tunneled catheter, n (%)",542 (11.9),130 (12.0),−0.001,18.1,20.0
"Activity assessment score, median (IQR)",70 (60–90),70 (60–90),0.018,4.6,3.9
"Pre-dialysis weight, kg, median (IQR)",61.1 (52.3–70.8),60.5 (52.8–69.2),0.052,0.6,0.6
"Kt/V, median (IQR)",1.61 (1.47–1.77),1.60 (1.48–1.75),0.019,0.6,0.6
"nPCR, g/kg/day, median (IQR)",1.20 (1.01–1.38),1.20 (1.03–1.38),−0.022,0.7,0.4
"Creatinine, mg/dL, median (IQR)",9.15 (7.70–10.70),9.20 (7.70–10.80),−0.056,0.6,0.3
"Albumin, g/dL, median (IQR)",4.00 (3.80–4.30),4.00 (3.80–4.30),0.053,0.6,0.3
"Hemoglobin, g/dL, median (IQR)",10.4 (9.7–11.2),10.5 (9.7–11.4),−0.092,0.6,0.3
"Phosphate, mg/dL, median (IQR)",5.10 (4.30–6.00),5.10 (4.30–6.10),−0.031,0.6,0.3
"Intact PTH, pg/mL, median (IQR)",200 (92–399),213 (98–430),−0.085,0.8,0.6
"Ferritin, ng/mL, median (IQR)",534 (385–673),493 (322–632),0.223,0.7,0.4
